Assault;SG 553;Tornado;Consumer;
Assault;UMP-45;Caramel;Consumer;
Assault;Five-SeveN;Candy Appleÿ*;Industrial;
Assault;AUG;Hot Rod;Mil-Spec;
Assault;Negev;Anodized Navy;Mil-Spec;
Assault;MP9;Bulldozer;Restricted;
Assault;Glock-18;Fade;Restricted;
Aztec;Nova;Forest Leaves;Consumer;
Aztec;Five-SeveN;Jungle;Consumer;
Aztec;SSG 08;Lichen Dashed;Consumer;
Aztec;AK-47;Jungle Spray;Industrial;
Aztec;M4A4;Jungle Tiger;Industrial;
Aztec;Tec-9;Ossified;Mil-Spec;
Baggage;G3SG1;Contractor;Consumer;
Baggage;MP7;Olive Plaid;Consumer;
Baggage;CZ75-Auto;Green Plaid;Consumer;
Baggage;MP9;Green Plaid;Consumer;
Baggage;SSG 08;Sand Dune;Consumer;
Baggage;SG 553;Traveler;Industrial;
Baggage;P90;Leather;Industrial;
Baggage;MAC-10;Commuter;Industrial;
Baggage;P2000;Coach Class;Industrial;
Baggage;Sawed-Off;First Class;Mil-Spec;
Baggage;USP-S;Business Class;Mil-Spec;
Baggage;XM1014;Red Leather;Mil-Spec;
Baggage;AK-47;First Class;Restricted;
Baggage;Desert Eagle;Pilot;Restricted;
Baggage;AK-47;Jet Set;Classified;
Bank;Tec-9;Urban DDPAT;Consumer;
Bank;SG 553;Army Sheen;Consumer;
Bank;Sawed-Off;Forest DDPAT;Consumer;
Bank;Negev;Army Sheen;Consumer;
Bank;MP7;Forest DDPAT;Consumer;
Bank;UMP-45;Carbon Fiber;Industrial;
Bank;Nova;Caged Steel;Industrial;
Bank;MAC-10;Silver;Industrial;
Bank;Glock-18;Death Rattle;Industrial;
Bank;G3SG1;Green Apple;Industrial;
Bank;Galil AR;Tuxedo;Mil-Spec;
Bank;Desert Eagle;Meteorite;Mil-Spec;
Bank;CZ75-Auto;Tuxedo;Mil-Spec;
Bank;AK-47;Emerald Pinstripe;Restricted;
Bank;P250;Franklin;Classified;
Cache;Negev;Nuclear Waste;Industrial;
Cache;P250;Contamination;Industrial;
Cache;AUG;Radiation Hazard;Industrial;
Cache;PP-Bizon;Chemical Green;Industrial;
Cache;SG 553;Fallout Warning;Industrial;
Cache;Five-SeveN;Hot Shot;Industrial;
Cache;Glock-18;Reactor;Mil-Spec;
Cache;MP9;Setting Sun;Mil-Spec;
Cache;XM1014;Bone Machine;Mil-Spec;
Cache;MAC-10;Nuclear Garden;Mil-Spec;
Cache;Tec-9;Toxic;Mil-Spec;
Cache;FAMAS;Styx;Restricted;
Cache;Galil AR;Cerberus;Restricted;
Cobblestone;P90;Storm;Consumer;
Cobblestone;UMP-45;Indigo;Consumer;
Cobblestone;MAC-10;Indigo;Consumer;
Cobblestone;SCAR-20;Storm;Consumer;
Cobblestone;Dual Berettas;Briar;Consumer;
Cobblestone;USP-S;Royal Blue;Industrial;
Cobblestone;Nova;Green Apple;Industrial;
Cobblestone;MAG-7;Silver;Industrial;
Cobblestone;Sawed-Off;Rust Coat;Industrial;
Cobblestone;P2000;Chainmail;Mil-Spec;
Cobblestone;MP9;Dark Age;Mil-Spec;
Cobblestone;Desert Eagle;Hand Cannon;Restricted;
Cobblestone;CZ75-Auto;Chalice;Restricted;
Cobblestone;M4A1-S;Knight;Classified;
Cobblestone;AWP;Dragon Lore;Covert;
Dust;M4A4;Desert Storm;Industrial;
Dust;SCAR-20;Palm;Industrial;
Dust;AK-47;Predator;Industrial;
Dust;AWP;Snake Camo;Mil-Spec;
Dust;AUG;Copperhead;Mil-Spec;
Dust;Sawed-Off;Copper;Mil-Spec;
Dust;Desert Eagle;Blaze;Restricted;
Dust;P2000;Scorpion;Restricted;
Dust;Glock-18;Brass;Restricted;
Dust 2;Nova;Predator;Consumer;
Dust 2;MP9;Sand Dashed;Consumer;
Dust 2;P90;Sand Spray;Consumer;
Dust 2;SCAR-20;Sand Mesh;Consumer;
Dust 2;P250;Sand Dune;Consumer;
Dust 2;G3SG1;Desert Storm;Consumer;
Dust 2;Tec-9;VariCamo;Industrial;
Dust 2;MAC-10;Palm;Industrial;
Dust 2;Five-SeveN;Orange Peel;Industrial;
Dust 2;AK-47;Safari Mesh;Industrial;
Dust 2;Sawed-Off;Snake Camo;Industrial;
Dust 2;M4A1-S;VariCamo;Mil-Spec;
Dust 2;PP-Bizon;Brass;Mil-Spec;
Dust 2;SG 553;Damascus Steel;Mil-Spec;
Dust 2;P2000;Amber Fade;Restricted;
Inferno;MAG-7;Sand Dune;Consumer;
Inferno;Nova;Walnut;Consumer;
Inferno;P250;Gunsmoke;Industrial;
Inferno;M4A4;Tornado;Industrial;
Inferno;Dual Berettas;Anodized Navy;Mil-Spec;
Inferno;Tec-9;Brass;Mil-Spec;
Italy;PP-Bizon;Sand Dashed;Consumer;
Italy;Nova;Sand Dune;Consumer;
Italy;FAMAS;Colony;Consumer;
Italy;AUG;Contractor;Consumer;
Italy;Tec-9;Groundwater;Consumer;
Italy;Nova;Candy Apple;Industrial;
Italy;Dual Berettas;Stained;Industrial;
Italy;P2000;Granite Marbleized;Industrial;
Italy;UMP-45;Gunsmoke;Industrial;
Italy;M4A1-S;Boreal Forest;Industrial;
Italy;XM1014;CaliCamo;Industrial;
Italy;MP7;Anodized Navy;Mil-Spec;
Italy;Glock-18;Candy Apple;Mil-Spec;
Italy;Sawed-Off;Full Stop;Mil-Spec;
Italy;AWP;Pit Viper;Restricted;
Lake;G3SG1;Jungle Dashed;Consumer;
Lake;SG 553;Waves Perforated;Consumer;
Lake;Galil AR;Sage Spray;Consumer;
Lake;AUG;Storm;Consumer;
Lake;XM1014;Blue Spruce;Consumer;
Lake;P250;Boreal Forest;Consumer;
Lake;XM1014;Blue Steel;Industrial;
Lake;FAMAS;Cyanospatter;Industrial;
Lake;PP-Bizon;Night Ops;Industrial;
Lake;AWP;Safari Mesh;Industrial;
Lake;Desert Eagle;Mudder;Industrial;
Lake;SG 553;Anodized Navy;Mil-Spec;
Lake;P90;Teardown;Mil-Spec;
Lake;USP-S;Night Ops;Mil-Spec;
Lake;Dual Berettas;Cobalt Quartz;Restricted;
Militia;XM1014;Grassland;Consumer;
Militia;MAC-10;Tornado;Consumer;
Militia;PP-Bizon;Forest Leaves;Consumer;
Militia;P2000;Grassland Leaves*;Industrial;
Militia;Nova;Modern Hunter;Mil-Spec;
Militia;Nova;Blaze Orange;Mil-Spec;
Militia;P250;Modern Hunter;Mil-Spec;
Militia;XM1014;Blaze Orange;Mil-Spec;
Militia;PP-Bizon;Modern Hunter;Mil-Spec;
Militia;M4A4;Modern Hunterÿ*;Restricted;
Militia;SCAR-20;Splash Jam;Classified;
Mirage;Galil AR;Hunting Blind;Consumer;
Mirage;P90;Scorched;Consumer;
Mirage;G3SG1;Safari Mesh;Consumer;
Mirage;AUG;Colony;Consumer;
Mirage;Five-SeveN;Contractor;Consumer;
Mirage;P250;Bone Mask;Consumer;
Mirage;MP7;Orange Peel;Industrial;
Mirage;Glock-18;Groundwater;Industrial;
Mirage;SG 553;Gator Mesh;Industrial;
Mirage;SSG 08;Tropical Storm;Industrial;
Mirage;Negev;CaliCamo;Industrial;
Mirage;MP9;Hot Rod;Mil-Spec;
Mirage;UMP-45;Blaze;Mil-Spec;
Mirage;MAC-10;Amber Fade;Mil-Spec;
Mirage;MAG-7;Bulldozer;Restricted;
Nuke;MAG-7;Irradiated Alert;Consumer;
Nuke;Sawed-Off;Irradiated Alert;Consumer;
Nuke;PP-Bizon;Irradiated Alert;Consumer;
Nuke;P90;Fallout Warning;Industrial;
Nuke;UMP-45;Fallout Warning;Industrial;
Nuke;XM1014;Fallout Warning;Industrial;
Nuke;M4A4;Radiation Hazard;Mil-Spec;
Nuke;P250;Nuclear Threat;Restricted;
Nuke;Tec-9;Nuclear Threat;Restricted;
Office;FAMAS;Contrast Spray;Consumer;
Office;Galil AR;Winter Forest;Industrial;
Office;G3SG1;Arctic Camo;Industrial;
Office;M249;Blizzard Marbleized;Industrial;
Office;P2000;Silver;Mil-Spec;
Office;MP7;Whiteout;Mil-Spec;
Overpass;Sawed-Off;Sage Spray;Consumer;
Overpass;UMP-45;Scorched;Consumer;
Overpass;M249;Contrast Spray;Consumer;
Overpass;MAG-7;Storm;Consumer;
Overpass;MP9;Storm;Consumer;
Overpass;Desert Eagle;Urban DDPAT;Industrial;
Overpass;MP7;Gunsmoke;Industrial;
Overpass;Glock-18;Night;Industrial;
Overpass;P2000;Grassland;Industrial;
Overpass;CZ75-Auto;Nitro;Mil-Spec;
Overpass;SSG 08;Detour;Mil-Spec;
Overpass;XM1014;VariCamo Blue;Mil-Spec;
Overpass;AWP;Pink DDPAT;Restricted;
Overpass;USP-S;Road Rash;Restricted;
Overpass;M4A1-S;Master Piece;Classified;
Safehouse;Dual Berettas;Contractor;Consumer;
Safehouse;MP7;Army Recon;Consumer;
Safehouse;Tec-9;Army Mesh;Consumer;
Safehouse;SSG 08;Blue Spruce;Consumer;
Safehouse;SCAR-20;Contractor;Consumer;
Safehouse;MP9;Orange Peel;Industrial;
Safehouse;AUG;Condemned;Industrial;
Safehouse;USP-S;Forest Leaves;Industrial;
Safehouse;Galil AR;VariCamo;Industrial;
Safehouse;M249;Gator Mesh;Industrial;
Safehouse;G3SG1;VariCamo;Industrial;
Safehouse;FAMAS;Teardown;Mil-Spec;
Safehouse;Five-SeveN;Silver Quartz;Mil-Spec;
Safehouse;SSG 08;Acid Fade;Mil-Spec;
Safehouse;M4A1-S;Nitro;Restricted;
Train;PP-Bizon;Urban Dashed;Consumer;
Train;Nova;Polar Mesh;Consumer;
Train;Five-SeveN;Forest Night;Consumer;
Train;G3SG1;Polar Camo;Consumer;
Train;Dual Berettas;Colony;Consumer;
Train;UMP-45;Urban DDPAT;Consumer;
Train;M4A4;Urban DDPAT;Industrial;
Train;MAC-10;Candy Apple;Industrial;
Train;P90;Ash Wood;Industrial;
Train;SCAR-20;Carbon Fiber;Industrial;
Train;MAG-7;Metallic DDPAT;Industrial;
Train;P250;Metallic DDPAT;Industrial;
Train;Sawed-Off;Amber Fade;Mil-Spec;
Train;Desert Eagle;Urban Rubble;Mil-Spec;
Train;Tec-9;Red Quartz;Restricted;
Vertigo;XM1014;Urban Perforated;Consumer;
Vertigo;MAC-10;Urban DDPAT;Consumer;
Vertigo;PP-Bizon;Carbon Fiber;Industrial;
Vertigo;P90;Glacier Mesh;Mil-Spec;
Vertigo;AK-47;Black Laminate;Mil-Spec;
Vertigo;Dual Berettas;Demolition;Restricted;
Chop Shop;SCAR-20;Army Sheen;Consumer Grade;
Chop Shop;CZ75-Auto;Army Sheen;Consumer Grade;
Chop Shop;M249;Impact Drill;Consumer Grade;
Chop Shop;MAG-7;Seabird;Consumer Grade;
Chop Shop;Desert Eagle;Night;Industrial Grade;
Chop Shop;Galil AR;Urban Rubble;Industrial Grade;
Chop Shop;USP-S;Para Green;Industrial Grade;
Chop Shop;MAC-10;Fade;Mil-Spec;
Chop Shop;P250;Whiteout;Mil-Spec;
Chop Shop;MP7;Full Stop;Mil-Spec;
Chop Shop;Five-SeveN;Nitro;Mil-Spec;
Chop Shop;CZ75-Auto;Emerald;Mil-Spec;
Chop Shop;SG 553;Bulldozer;Restricted;
Chop Shop;Dual Berettas;Duelist;Restricted;
Chop Shop;Glock-18;Twilight Galaxy;Classified;
Chop Shop;M4A1-S;Hot Rod;Classified;
Gods and Monsters;MP7;Asterion;Consumer Grade;
Gods and Monsters;AUG;Daedalus;Consumer Grade;
Gods and Monsters;Dual Berettas;Moon in Libra;Consumer Grade;
Gods and Monsters;Nova;Moon in Libra;Consumer Grade;
Gods and Monsters;Tec-9;Hades;Industrial Grade;
Gods and Monsters;P2000;Pathfinder;Industrial Grade;
Gods and Monsters;AWP;Sun in Leo;Industrial Grade;
Gods and Monsters;M249;Shipping Forecast;Industrial Grade;
Gods and Monsters;UMP-45;Minotaur's Labyrinth;Mil-Spec;
Gods and Monsters;MP9;Pandora's Box;Mil-Spec;
Gods and Monsters;G3SG1;Chronos;Restricted;
Gods and Monsters;M4A1-S;Icarus Fell;Restricted;
Gods and Monsters;M4A4;Poseidon;Classified;
Gods and Monsters;AWP;Medusa;Covert;
Rising Sun;PP-Bizon;Bamboo Print;Consumer Grade;
Rising Sun;Sawed-Off;Bamboo Shadow;Consumer Grade;
Rising Sun;Tec-9;Bamboo Forest;Consumer Grade;
Rising Sun;G3SG1;Orange Kimono;Consumer Grade;
Rising Sun;P250;Mint Kimono;Consumer Grade;
Rising Sun;P250;Crimson Kimono;Industrial Grade;
Rising Sun;Desert Eagle;Midnight Storm;Industrial Grade;
Rising Sun;Galil AR;Aqua Terrace;Mil-Spec;
Rising Sun;MAG-7;Counter Terrace;Mil-Spec;
Rising Sun;Tec-9;Terrace;Mil-Spec;
Rising Sun;Five-SeveN;Neon Kimono;Restricted;
Rising Sun;Desert Eagle;Sunset Storm ?;Restricted;
Rising Sun;Desert Eagle;Sunset Storm ?;Restricted;
Rising Sun;M4A4;Daybreak;Restricted;
Rising Sun;AK-47;Hydroponic;Classified;
Rising Sun;AUG;Akihabara Accept;Covert;
Alpha;M249;Jungle DDPAT;Consumer;
Alpha;Tec-9;Tornado;Consumer;
Alpha;MP9;Dry Season;Consumer;
Alpha;Five-SeveN;Anodized Gunmetal;Consumer;
Alpha;XM1014;Jungle;Consumer;
Alpha;MP7;Groundwater;Consumer;
Alpha;Glock-18;Sand Dune;Industrial;
Alpha;SSG 08;Mayan Dreams;Industrial;
Alpha;Negev;Palm;Industrial;
Alpha;Sawed-Off;Mosaico;Industrial;
Alpha;P250;Facets;Industrial;
Alpha;AUG;Anodized Navy;Mil-Spec;
Alpha;MAG-7;Hazard;Mil-Spec;
Alpha;PP-Bizon;Rust Coat;Mil-Spec;
Alpha;FAMAS;Spitfire;Restricted;
Alpha;SCAR-20;Emerald;Restricted;
Arms Deal;MP7;Skulls;Mil-Spec;stattrak
Arms Deal;SG 553;Ultraviolet;Mil-Spec;stattrak
Arms Deal;AUG;Wings;Mil-Spec;stattrak
Arms Deal;M4A1-S;Dark Water;Restricted;stattrak
Arms Deal;USP-S;Dark Water;Restricted;stattrak
Arms Deal;Glock-18;Dragon Tattoo;Restricted;stattrak
Arms Deal;Desert Eagle;Hypnotic;Classified;stattrak
Arms Deal;AK-47;Case Hardened;Classified;stattrak
Arms Deal;AWP;Lightning Strike;Covert;stattrak
eSports 2013;M4A4;Faded Zebra;Mil-Spec;stattrak
eSports 2013;FAMAS;Doomkitty;Mil-Spec;stattrak
eSports 2013;MAG-7;Memento;Mil-Spec;stattrak
eSports 2013;Sawed-Off;Orange DDPAT;Restricted;stattrak
eSports 2013;P250;Splash;Restricted;stattrak
eSports 2013;Galil AR;Orange DDPAT;Restricted;stattrak
eSports 2013;AK-47;Red Laminate;Classified;stattrak
eSports 2013;AWP;BOOM;Classified;stattrak
eSports 2013;P90;Death by Kitty;Covert;stattrak
Bravo;Nova;Tempest;Mil-Spec;stattrak
Bravo;Dual Berettas;Black Limba;Mil-Spec;stattrak
Bravo;UMP-45;Bone Pile;Mil-Spec;stattrak
Bravo;SG 553;Wave Spray;Mil-Spec;stattrak
Bravo;Galil AR;Shattered;Mil-Spec;stattrak
Bravo;G3SG1;Demeter;Mil-Spec;stattrak
Bravo;M4A1-S;Bright Water;Restricted;stattrak
Bravo;M4A4;Zirka;Restricted;stattrak
Bravo;MAC-10;Graven;Restricted;stattrak
Bravo;USP-S;Overgrowth;Restricted;stattrak
Bravo;P90;Emerald Dragon;Classified;stattrak
Bravo;P2000;Ocean Foam;Classified;stattrak
Bravo;AWP;Graphite;Classified;stattrak
Bravo;Desert Eagle;Golden Koi;Covert;stattrak
Bravo;AK-47;Fire Serpent;Covert;stattrak
Arms Deal Two;Tec-9;Blue Titanium;Mil-Spec;stattrak
Arms Deal Two;M4A1-S;Blood Tiger;Mil-Spec;stattrak
Arms Deal Two;FAMAS;Hexane;Mil-Spec;stattrak
Arms Deal Two;P250;Hive;Mil-Spec;stattrak
Arms Deal Two;SCAR-20;Crimson Web;Mil-Spec;stattrak
Arms Deal Two;Five-SeveN;Case Hardened;Restricted;stattrak
Arms Deal Two;MP9;Hypnotic;Restricted;stattrak
Arms Deal Two;Nova;Graphite;Restricted;stattrak
Arms Deal Two;Dual Berettas;Hemoglobin;Restricted;stattrak
Arms Deal Two;P90;Cold Blooded;Classified;stattrak
Arms Deal Two;USP-S;Serum;Classified;stattrak
Arms Deal Two;SSG 08;Blood in the Water;Covert;stattrak
Winter Offensive;PP-Bizon;Cobalt Halftone;Mil-Spec;stattrak
Winter Offensive;M249;Magma;Mil-Spec;stattrak
Winter Offensive;Five-SeveN;Kami;Mil-Spec;stattrak
Winter Offensive;Galil AR;Sandstorm;Mil-Spec;stattrak
Winter Offensive;Nova;Rising Skull;Restricted;stattrak
Winter Offensive;MP9;Rose Iron;Restricted;stattrak
Winter Offensive;Dual Berettas;Marina;Restricted;stattrak
Winter Offensive;FAMAS;Pulse;Restricted;stattrak
Winter Offensive;AWP;Redline;Classified;stattrak
Winter Offensive;P250;Mehndi;Classified;stattrak
Winter Offensive;M4A1-S;Guardian;Classified;stattrak
Winter Offensive;Sawed-Off;The Kraken;Covert;stattrak
Winter Offensive;M4A4;Asiimov;Covert;stattrak
eSports 2013 Winter;Galil AR;Blue Titanium;Mil-Spec;stattrak
eSports 2013 Winter;Five-SeveN;Nightshade;Mil-Spec;stattrak
eSports 2013 Winter;PP-Bizon;Water Sigil;Mil-Spec;stattrak
eSports 2013 Winter;Nova;Ghost Camo;Mil-Spec;stattrak
eSports 2013 Winter;G3SG1;Azure Zebra;Mil-Spec;stattrak
eSports 2013 Winter;P250;Steel Disruption;Mil-Spec;stattrak
eSports 2013 Winter;AK-47;Blue Laminate;Restricted;stattrak
eSports 2013 Winter;P90;Blind Spot;Restricted;stattrak
eSports 2013 Winter;FAMAS;Afterimage;Classified;stattrak
eSports 2013 Winter;AWP;Electric Hive;Classified;stattrak
eSports 2013 Winter;Desert Eagle;Cobalt Disruption;Classified;stattrak
eSports 2013 Winter;M4A4;X-Ray;Covert;stattrak
Arms Deal 3;CZ75-Auto;Crimson Web;Mil-Spec;stattrak
Arms Deal 3;P2000;Red FragCam;Mil-Spec;stattrak
Arms Deal 3;Dual Berettas;Panther;Mil-Spec;stattrak
Arms Deal 3;USP-S;Stainless;Mil-Spec;stattrak
Arms Deal 3;Glock-18;Blue Fissure;Mil-Spec;stattrak
Arms Deal 3;CZ75-Auto;Tread Plate;Restricted;stattrak
Arms Deal 3;Tec-9;Titanium Bit;Restricted;stattrak
Arms Deal 3;Desert Eagle;Heirloom;Restricted;stattrak
Arms Deal 3;Five-SeveN;Copper Galaxy;Restricted;stattrak
Arms Deal 3;CZ75-Auto;The Fuschia Is Now;Classified;stattrak
Arms Deal 3;P250;Undertow;Classified;stattrak
Arms Deal 3;CZ75-Auto;Victoria;Covert;stattrak
Phoenix;UMP-45;Corporal;Mil-Spec;stattrak
Phoenix;Negev;Terrain;Mil-Spec;stattrak
Phoenix;Tec-9;Sandstorm;Mil-Spec;stattrak
Phoenix;MAG-7;Heaven Guard;Mil-Spec;stattrak
Phoenix;MAC-10;Heat;Restricted;stattrak
Phoenix;SG 553;Pulse;Restricted;stattrak
Phoenix;FAMAS;Sergeant;Restricted;stattrak
Phoenix;USP-S;Guardian;Restricted;stattrak
Phoenix;AK-47;Redline;Classified;stattrak
Phoenix;P90;Trigon;Classified;stattrak
Phoenix;Nova;Antique;Classified;stattrak
Phoenix;AWP;Asiimov;Covert;stattrak
Phoenix;AUG;Chameleon;Covert;stattrak
Huntsman;Tec-9;Isaac;Mil-Spec;stattrak
Huntsman;SSG 08;Slashed;Mil-Spec;stattrak
Huntsman;Dual Berettas;Retribution **;Mil-Spec;stattrak
Huntsman;Galil AR;Kami;Mil-Spec;stattrak
Huntsman;P90;Desert Warfare **;Mil-Spec;stattrak
Huntsman;CZ75-Auto;Poison Dart **;Mil-Spec;stattrak
Huntsman;CZ75-Auto;Twist *;Mil-Spec;stattrak
Huntsman;P90;Module *;Mil-Spec;stattrak
Huntsman;P2000;Pulse *;Mil-Spec;stattrak
Huntsman;AUG;Torque;Restricted;stattrak
Huntsman;PP-Bizon;Antique;Restricted;stattrak
Huntsman;XM1014;Heaven Guard;Restricted;stattrak
Huntsman;MAC-10;Curse **;Restricted;stattrak
Huntsman;MAC-10;Tatter *;Restricted;stattrak
Huntsman;M4A1-S;Atomic Alloy;Classified;stattrak
Huntsman;SCAR-20;Cyrex;Classified;stattrak
Huntsman;USP-S;Orion **;Classified;stattrak
Huntsman;USP-S;Caiman *;Classified;stattrak
Huntsman;AK-47;Vulcan;Covert;stattrak
Huntsman;M4A4;Desert-Strike *;Covert;stattrak
Huntsman;M4A4;Howl **;Contraband;stattrak
Breakout;MP7;Urban Hazard;Mil-Spec;stattrak
Breakout;Negev;Desert-Strike;Mil-Spec;stattrak
Breakout;P2000;Ivory;Mil-Spec;stattrak
Breakout;SSG 08;Abyss;Mil-Spec;stattrak
Breakout;UMP-45;Labyrinth;Mil-Spec;stattrak
Breakout;PP-Bizon;Osiris;Restricted;stattrak
Breakout;CZ75-Auto;Tigris;Restricted;stattrak
Breakout;Nova;Koi;Restricted;stattrak
Breakout;P250;Supernova;Restricted;stattrak
Breakout;Desert Eagle;Conspiracy;Classified;stattrak
Breakout;Five-SeveN;Fowl Play;Classified;stattrak
Breakout;Glock-18;Water Elemental;Classified;stattrak
Breakout;P90;Asiimov;Covert;stattrak
Breakout;M4A1-S;Cyrex;Covert;stattrak
eSports 2014 Summer;SSG 08;Dark Water;Mil-Spec;stattrak
eSports 2014 Summer;MAC-10;Ultraviolet;Mil-Spec;stattrak
eSports 2014 Summer;USP-S;Blood Tiger;Mil-Spec;stattrak
eSports 2014 Summer;CZ75-Auto;Hexane;Mil-Spec;stattrak
eSports 2014 Summer;Negev;Bratatat;Mil-Spec;stattrak
eSports 2014 Summer;XM1014;Red Python;Mil-Spec;stattrak
eSports 2014 Summer;PP-Bizon;Blue Streak;Restricted;stattrak
eSports 2014 Summer;P90;Virus;Restricted;stattrak
eSports 2014 Summer;MP7;Ocean Foam;Restricted;stattrak
eSports 2014 Summer;Glock-18;Steel Disruption;Restricted;stattrak
eSports 2014 Summer;Desert Eagle;Crimson Web;Restricted;stattrak
eSports 2014 Summer;AUG;Bengal Tiger;Classified;stattrak
eSports 2014 Summer;Nova;Bloomstick;Classified;stattrak
eSports 2014 Summer;AWP;Corticera;Classified;stattrak
eSports 2014 Summer;P2000;Corticera;Classified;stattrak
eSports 2014 Summer;M4A4;Bullet Rain;Covert;stattrak
eSports 2014 Summer;AK-47;Jaguar;Covert;stattrak
Vanguard;G3SG1;Murky;Mil-Spec;stattrak
Vanguard;MAG-7;Firestarter;Mil-Spec;stattrak
Vanguard;MP9;Dart;Mil-Spec;stattrak
Vanguard;Five-SeveN;Urban Hazard;Mil-Spec;stattrak
Vanguard;UMP-45;Delusion;Mil-Spec;stattrak
Vanguard;Glock-18;Grinder;Restricted;stattrak
Vanguard;M4A1-S;Basilisk;Restricted;stattrak
Vanguard;M4A4;Griffin;Restricted;stattrak
Vanguard;Sawed-Off;Highwayman;Restricted;stattrak
Vanguard;P250;Cartel;Classified;stattrak
Vanguard;SCAR-20;Cardiac;Classified;stattrak
Vanguard;XM1014;Tranquility;Classified;stattrak
Vanguard;AK-47;Wasteland Rebel;Covert;stattrak
Vanguard;P2000;Fire Elemental;Covert;stattrak
Chroma;Glock-18;Catacombs;Mil-Spec;stattrak
Chroma;M249;System Lock;Mil-Spec;stattrak
Chroma;MP9;Deadly Poison;Mil-Spec;stattrak
Chroma;SCAR-20;Grotto;Mil-Spec;stattrak
Chroma;XM1014;Quicksilver;Mil-Spec;stattrak
Chroma;Dual Berettas;Urban Shock;Restricted;stattrak
Chroma;Desert Eagle;Naga;Restricted;stattrak
Chroma;MAC-10;Malachite;Restricted;stattrak
Chroma;Sawed-Off;Serenity;Restricted;stattrak
Chroma;AK-47;Cartel;Classified;stattrak
Chroma;M4A4;?? (Dragon King);Classified;stattrak
Chroma;P250;Muertos;Classified;stattrak
Chroma;AWP;Man-o'-war;Covert;stattrak
Chroma;Galil AR;Chatterbox;Covert;stattrak
Chroma 2;AK-47;Elite Build;Mil-Spec;stattrak
Chroma 2;MP7;Armor Core;Mil-Spec;stattrak
Chroma 2;Desert Eagle;Bronze Deco;Mil-Spec;stattrak
Chroma 2;P250;Valence;Mil-Spec;stattrak
Chroma 2;Negev;Man-o'-war;Mil-Spec;stattrak
Chroma 2;Sawed-Off;Origami;Mil-Spec;stattrak
Chroma 2;AWP;Worm God;Restricted;stattrak
Chroma 2;MAG-7;Heat;Restricted;stattrak
Chroma 2;CZ75-Auto;Pole Position;Restricted;stattrak
Chroma 2;UMP-45;Grand Prix;Restricted;stattrak
Chroma 2;Five-SeveN;Monkey Business;Classified;stattrak
Chroma 2;Galil AR;Eco;Classified;stattrak
Chroma 2;FAMAS;Djinn;Classified;stattrak
Chroma 2;M4A1-S;Hyper Beast;Covert;stattrak
Chroma 2;MAC-10;Neon Rider;Covert;stattrak
Falchion Case;Galil AR;Rocket Pop;Mil-Spec;stattrak
Falchion Case;Glock-18;Bunsen Burner;Mil-Spec;stattrak
Falchion Case;Nova;Ranger;Mil-Spec;stattrak
Falchion Case;P90;Elite Build;Mil-Spec;stattrak
Falchion Case;UMP-45;Riot;Mil-Spec;stattrak
Falchion Case;USP-S;Torque;Mil-Spec;stattrak
Falchion Case;FAMAS;Neural Net;Restricted;stattrak
Falchion Case;M4A4;Evil Daimyo;Restricted;stattrak
Falchion Case;MP9;Ruby Poison Dart;Restricted;stattrak
Falchion Case;Negev;Loudmouth;Restricted;stattrak
Falchion Case;P2000;Handgun;Restricted;stattrak
Falchion Case;CZ75-Auto;Yellow Jacket;Classified;stattrak
Falchion Case;MP7;Nemesis;Classified;stattrak
Falchion Case;SG 553;Cyrex;Classified;stattrak
Falchion Case;AK-47;Aquamarine Revenge;Covert;stattrak
Falchion Case;AWP;Hyper Beast;Covert;stattrak
